Straight Party Ticket (Vote For 1),,,,,,,,,,,,,,,,,,,,,,,
,,Democratic Party,,,Republican Party,,,Libertarian Party,,,U.S. Taxpayers Party,,,Working Class Party,,,Green Party,,,Natural Law Party,,,
Precinct,Registered Voters,Absentee,Election,Total Votes,Absentee,Election,Total Votes,Absentee,Election,Total Votes,Absentee,Election,Total Votes,Absentee,Election,Total Votes,Absentee,Election,Total Votes,Absentee,Election,Total Votes,Total
"Addison Township, Precinct 1",1930,174,52,226,326,347,673,1,3,4,0,0,0,0,0,0,1,1,2,0,0,0,905
"Addison Township, Precinct 2",1937,210,26,236,401,315,716,2,2,4,1,0,1,1,0,1,2,0,2,0,0,0,960
"Addison Township, Precinct 3",1379,131,24,155,213,222,435,1,1,2,0,0,0,0,1,1,0,1,1,0,0,0,594
"Bloomfield Township, Precinct 1",1758,318,69,387,229,163,392,2,3,5,0,1,1,0,0,0,0,1,1,0,0,0,786
"Bloomfield Township, Precinct 2",2330,481,129,610,260,176,436,3,2,5,0,0,0,0,0,0,0,2,2,0,0,0,1053
"Bloomfield Township, Precinct 3",2215,498,123,621,219,152,371,1,1,2,0,0,0,0,1,1,1,1,2,1,0,1,998
"Bloomfield Township, Precinct 4",1571,334,69,403,222,140,362,4,0,4,2,0,2,0,0,0,0,0,0,0,0,0,771
"Bloomfield Township, Precinct 5",2316,403,131,534,242,247,489,2,2,4,0,0,0,0,1,1,2,1,3,1,0,1,1032
"Bloomfield Township, Precinct 6",2096,348,74,422,364,185,549,1,2,3,0,0,0,1,0,1,1,1,2,1,0,1,978
"Bloomfield Township, Precinct 7",2262,334,78,412,312,267,579,2,2,4,0,0,0,0,0,0,1,0,1,0,0,0,996
"Bloomfield Township, Precinct 8",2115,459,57,516,325,140,465,1,0,1,0,0,0,0,0,0,1,0,1,0,0,0,983
"Bloomfield Township, Precinct 9",2433,436,63,499,358,205,563,1,1,2,0,0,0,0,0,0,1,0,1,0,0,0,1065
"Bloomfield Township, Precinct 10",1845,282,55,337,244,208,452,0,0,0,0,0,0,2,0,2,2,0,2,0,0,0,793
"Bloomfield Township, Precinct 11",1415,298,41,339,177,121,298,0,1,1,0,0,0,0,0,0,1,1,2,0,0,0,640
"Bloomfield Township, Precinct 12",2019,409,50,459,256,177,433,1,0,1,1,0,1,3,0,3,1,1,2,0,0,0,899
"Bloomfield Township, Precinct 13",1879,435,71,506,176,169,345,0,1,1,0,0,0,0,0,0,0,0,0,0,0,0,852
"Bloomfield Township, Precinct 14",1760,370,57,427,176,103,279,2,0,2,0,0,0,0,0,0,0,0,0,0,0,0,708
"Bloomfield Township, Precinct 15",2742,530,94,624,353,265,618,0,0,0,0,0,0,0,0,0,2,0,2,0,0,0,1244
"Bloomfield Township, Precinct 16",3161,384,43,427,538,271,809,2,1,3,0,0,0,0,0,0,0,0,0,0,0,0,1239
"Bloomfield Township, Precinct 17",2348,566,85,651,233,176,409,2,0,2,0,0,0,0,0,0,1,0,1,0,0,0,1063
"Bloomfield Township, Precinct 18",2188,333,58,391,310,212,522,1,2,3,0,0,0,0,0,0,0,1,1,0,0,0,917
"Brandon Township, Precinct 1",2351,191,62,253,244,397,641,0,3,3,0,0,0,2,0,2,0,3,3,0,0,0,902
"Brandon Township, Precinct 2",2523,244,62,306,333,395,728,0,4,4,0,0,0,1,4,5,3,1,4,0,0,0,1047
"Brandon Township, Precinct 3",2620,192,79,271,289,512,801,2,7,9,0,2,2,0,3,3,1,1,2,1,0,1,1089
"Brandon Township, Precinct 4",2937,250,84,334,366,534,900,2,6,8,0,0,0,0,1,1,0,2,2,0,2,2,1247
"Brandon Township, Precinct 5",1799,103,125,228,54,259,313,1,6,7,0,1,1,0,4,4,0,3,3,0,0,0,556
"Brandon Township, Precinct 6",1169,84,58,142,68,180,248,2,3,5,1,1,2,1,5,6,1,0,1,1,1,2,406
"Commerce Township, Precinct 1",2391,265,78,343,353,324,677,3,4,7,1,0,1,1,1,2,1,0,1,2,0,2,1033
"Commerce Township, Precinct 2",2585,328,78,406,326,308,634,1,2,3,0,0,0,0,2,2,1,3,4,0,1,1,1050
"Commerce Township, Precinct 3",2658,519,89,608,391,243,634,1,0,1,0,0,0,0,1,1,2,0,2,0,0,0,1246
"Commerce Township, Precinct 4",2534,308,79,387,317,349,666,1,3,4,0,0,0,1,1,2,0,1,1,0,0,0,1060
"Commerce Township, Precinct 5",2754,320,48,368,407,326,733,1,2,3,0,0,0,1,1,2,3,1,4,0,0,0,1110
"Commerce Township, Precinct 6",2047,277,63,340,225,271,496,4,4,8,0,0,0,2,1,3,0,1,1,0,0,0,848
"Commerce Township, Precinct 7",2450,261,40,301,409,250,659,2,1,3,0,0,0,0,0,0,2,1,3,0,0,0,966
"Commerce Township, Precinct 8",2651,300,57,357,431,319,750,1,1,2,1,0,1,2,0,2,0,0,0,0,0,0,1112
"Commerce Township, Precinct 9",2886,345,90,435,378,371,749,2,1,3,1,1,2,0,3,3,2,0,2,0,0,0,1194
"Commerce Township, Precinct 10",2375,315,80,395,319,288,607,0,1,1,0,0,0,2,2,4,1,1,2,0,2,2,1011
"Commerce Township, Precinct 11",2714,451,85,536,390,307,697,1,2,3,1,1,2,1,1,2,1,1,2,1,0,1,1243
"Commerce Township, Precinct 12",1492,180,73,253,157,186,343,2,0,2,0,2,2,0,0,0,1,2,3,0,0,0,603
"Commerce Township, Precinct 13",2614,332,98,430,350,309,659,1,3,4,1,1,2,3,0,3,0,3,3,0,0,0,1101
"Commerce Township, Precinct 14",1981,204,118,322,109,267,376,2,4,6,0,0,0,0,6,6,1,0,1,1,0,1,712
"Commerce Township, Precinct 15",2047,222,64,286,242,273,515,2,2,4,1,0,1,0,1,1,1,0,1,0,0,0,808
"Groveland Township, Precinct 1",1295,121,34,155,175,239,414,2,3,5,0,1,1,0,1,1,0,0,0,0,0,0,576
"Groveland Township, Precinct 2",1901,169,63,232,198,306,504,1,4,5,0,0,0,0,1,1,1,1,2,0,1,1,745
"Groveland Township, Precinct 3",1749,130,50,180,233,290,523,4,1,5,0,0,0,0,0,0,1,1,2,0,0,0,710
"Highland Township, Precinct 1",2980,298,55,353,538,387,925,5,3,8,2,0,2,4,1,5,0,1,1,0,0,0,1294
"Highland Township, Precinct 2",2369,218,46,264,358,372,730,2,5,7,0,0,0,0,1,1,1,0,1,0,0,0,1003
"Highland Township, Precinct 3",1793,146,46,192,188,203,391,2,1,3,0,0,0,6,6,12,1,4,5,0,1,1,604
"Highland Township, Precinct 4",2497,284,48,332,339,329,668,2,4,6,0,0,0,4,1,5,2,1,3,0,0,0,1014
"Highland Township, Precinct 5",1482,132,34,166,208,239,447,0,2,2,0,0,0,0,2,2,1,1,2,0,0,0,619
"Highland Township, Precinct 6",2173,236,53,289,341,354,695,3,3,6,0,0,0,1,2,3,0,3,3,1,0,1,997
"Highland Township, Precinct 7",1525,112,55,167,210,269,479,2,3,5,0,1,1,0,2,2,0,1,1,1,2,3,658
"Highland Township, Precinct 8",1656,175,44,219,256,210,466,2,0,2,0,0,0,0,0,0,0,1,1,0,0,0,688
"Holly Township, Precinct 1",2660,253,117,370,188,371,559,1,10,11,0,0,0,2,3,5,1,2,3,1,1,2,950
"Holly Township, Precinct 2",2252,222,100,322,179,304,483,1,6,7,1,0,1,1,4,5,2,0,2,0,0,0,820
"Holly Township, Precinct 3",2438,252,85,337,264,415,679,2,0,2,0,0,0,0,3,3,1,2,3,0,1,1,1025
"Holly Township, Precinct 4",2614,315,106,421,333,371,704,1,1,2,0,0,0,2,1,3,0,5,5,0,0,0,1135
"Independence Township, Precinct 1",2849,324,47,371,438,427,865,2,4,6,1,0,1,0,1,1,1,2,3,0,0,0,1247
"Independence Township, Precinct 2",2125,229,66,295,331,286,617,4,3,7,0,2,2,0,0,0,0,3,3,0,0,0,924
"Independence Township, Precinct 3",2260,253,45,298,409,279,688,3,2,5,0,0,0,1,0,1,0,1,1,0,0,0,993
"Independence Township, Precinct 4",2149,242,38,280,416,283,699,2,1,3,0,0,0,0,1,1,0,1,1,0,0,0,984
"Independence Township, Precinct 5",2579,310,66,376,430,348,778,2,1,3,0,0,0,4,0,4,1,1,2,0,1,1,1164
"Independence Township, Precinct 6",2419,323,86,409,327,306,633,0,5,5,0,0,0,2,2,4,2,0,2,0,0,0,1053
"Independence Township, Precinct 7",2637,371,108,479,405,250,655,2,2,4,0,2,2,1,3,4,1,0,1,0,0,0,1145
"Independence Township, Precinct 8",1968,264,33,297,343,242,585,1,1,2,0,0,0,1,1,2,0,0,0,0,0,0,886
"Independence Township, Precinct 9",2577,296,62,358,386,386,772,0,2,2,1,0,1,1,2,3,0,1,1,0,0,0,1137
"Independence Township, Precinct 10",2599,287,121,408,254,345,599,3,5,8,1,1,2,4,3,7,1,1,2,1,1,2,1028
"Independence Township, Precinct 11",2861,300,92,392,335,417,752,2,6,8,1,0,1,3,4,7,0,2,2,0,1,1,1163
"Independence Township, Precinct 12",1194,148,56,204,158,167,325,3,3,6,0,0,0,2,2,4,0,0,0,0,1,1,540
"Independence Township, Precinct 13",1931,241,92,333,285,203,488,3,2,5,0,0,0,0,0,0,2,0,2,0,0,0,828
"Lyon Township, Precinct 1",2532,330,76,406,374,297,671,3,1,4,0,1,1,1,1,2,3,0,3,0,0,0,1087
"Lyon Township, Precinct 2",535,75,9,84,95,71,166,0,0,0,0,0,0,1,0,1,2,1,3,0,0,0,254
"Lyon Township, Precinct 3",2577,305,87,392,404,298,702,5,2,7,1,1,2,0,3,3,0,0,0,0,0,0,1106
"Lyon Township, Precinct 4",2009,223,77,300,288,278,566,3,1,4,0,0,0,1,2,3,1,2,3,0,0,0,876
"Lyon Township, Precinct 5",2302,311,48,359,481,224,705,2,3,5,1,0,1,1,0,1,2,0,2,0,1,1,1074
"Lyon Township, Precinct 6",3268,432,83,515,686,419,1105,3,1,4,1,1,2,0,0,0,0,1,1,2,0,2,1629
"Lyon Township, Precinct 7",468,88,16,104,71,42,113,0,0,0,0,0,0,0,1,1,0,0,0,0,0,0,218
"Lyon Township, Precinct 8",508,63,22,85,79,97,176,1,1,2,0,0,0,0,0,0,0,0,0,0,0,0,263
"Lyon Township, Precinct 9",2195,293,76,369,294,259,553,1,2,3,0,0,0,1,1,2,1,1,2,0,0,0,929
"Milford Township, Precinct 1",1880,171,47,218,337,236,573,0,2,2,0,0,0,0,0,0,0,0,0,0,0,0,793
"Milford Township, Precinct 2",1958,180,68,248,219,274,493,0,3,3,0,0,0,0,2,2,1,0,1,1,0,1,748
"Milford Township, Precinct 3",1995,249,42,291,346,261,607,0,1,1,0,0,0,0,0,0,1,1,2,0,0,0,901
"Milford Township, Precinct 4",1565,189,31,220,259,209,468,2,0,2,0,0,0,1,0,1,1,1,2,0,0,0,693
"Milford Township, Precinct 5",1610,202,39,241,279,169,448,4,2,6,0,0,0,0,0,0,0,1,1,0,0,0,696
"Milford Township, Precinct 6",1857,304,48,352,252,184,436,1,2,3,1,0,1,0,1,1,1,0,1,1,0,1,795
"Milford Township, Precinct 7",2252,350,70,420,290,264,554,4,4,8,1,0,1,0,2,2,2,0,2,0,0,0,987
"Milford Township, Precinct 8",1475,225,63,288,193,152,345,0,2,2,0,0,0,0,1,1,0,0,0,1,0,1,637
"Novi Township, Precinct 1",138,0,33,33,0,32,32,0,0,0,0,0,0,0,0,0,0,0,0,0,0,0,65
"Oakland Township, Precinct 1",1976,268,53,321,329,263,592,2,1,3,0,0,0,0,1,1,0,0,0,1,1,2,919
"Oakland Township, Precinct 2",2305,268,92,360,289,352,641,0,2,2,0,0,0,0,0,0,0,0,0,0,0,0,1003
"Oakland Township, Precinct 3",1201,121,28,149,207,229,436,0,0,0,0,0,0,0,0,0,0,0,0,0,0,0,585
"Oakland Township, Precinct 4",1646,185,38,223,342,203,545,1,2,3,0,0,0,0,0,0,3,0,3,1,0,1,775
"Oakland Township, Precinct 5",2108,361,77,438,334,201,535,3,0,3,0,0,0,0,0,0,1,0,1,0,0,0,977
"Oakland Township, Precinct 6",2281,251,58,309,399,330,729,1,2,3,0,0,0,0,0,0,0,0,0,0,0,0,1041
"Oakland Township, Precinct 7",2701,362,61,423,561,313,874,3,0,3,2,1,3,0,0,0,2,0,2,0,0,0,1305
"Oakland Township, Precinct 8",1596,226,41,267,277,228,505,1,2,3,0,0,0,2,0,2,1,1,2,0,0,0,779
"Orion Township, Precinct 1",2163,222,76,298,196,317,513,6,3,9,0,0,0,0,3,3,0,0,0,0,0,0,823
"Orion Township, Precinct 2",2414,262,79,341,280,332,612,3,4,7,0,2,2,1,2,3,5,5,10,0,0,0,975
"Orion Township, Precinct 3",2083,223,51,274,330,284,614,3,2,5,0,0,0,1,1,2,0,1,1,1,0,1,897
"Orion Township, Precinct 4",2356,235,68,303,353,297,650,1,3,4,0,0,0,0,4,4,3,2,5,0,1,1,967
"Orion Township, Precinct 5",2370,277,78,355,306,316,622,1,2,3,0,0,0,0,2,2,3,0,3,0,0,0,985
"Orion Township, Precinct 6",1870,208,53,261,275,176,451,1,1,2,0,0,0,0,1,1,1,0,1,0,0,0,716
"Orion Township, Precinct 7",2164,266,100,366,197,284,481,1,5,6,0,1,1,1,3,4,0,3,3,0,0,0,861
"Orion Township, Precinct 8",1915,242,59,301,248,229,477,2,4,6,1,0,1,2,0,2,0,0,0,0,0,0,787
"Orion Township, Precinct 9",2511,348,88,436,356,267,623,6,6,12,1,0,1,2,2,4,0,0,0,0,0,0,1076
"Orion Township, Precinct 10",1728,178,63,241,203,196,399,2,0,2,0,0,0,1,1,2,0,0,0,0,0,0,644
"Orion Township, Precinct 11",1398,142,47,189,164,172,336,4,4,8,0,0,0,0,3,3,1,1,2,0,0,0,538
"Orion Township, Precinct 12",2160,232,105,337,186,261,447,3,3,6,0,0,0,0,2,2,1,1,2,0,0,0,794
"Orion Township, Precinct 13",2128,251,74,325,247,266,513,1,4,5,1,1,2,1,1,2,3,0,3,0,0,0,850
"Orion Township, Precinct 14",1381,137,50,187,138,182,320,0,3,3,0,0,0,0,2,2,0,0,0,0,0,0,512
"Orion Township, Precinct 15",2189,308,79,387,228,219,447,2,4,6,0,1,1,1,3,4,3,0,3,1,0,1,849
"Oxford Township, Precinct 1",2775,327,113,440,386,326,712,3,5,8,0,0,0,0,1,1,1,0,1,0,0,0,1162
"Oxford Township, Precinct 2",2468,213,74,287,299,296,595,4,7,11,1,0,1,3,0,3,3,0,3,0,3,3,903
"Oxford Township, Precinct 3",2804,281,74,355,425,365,790,4,1,5,2,1,3,0,2,2,2,0,2,0,0,0,1157
"Oxford Township, Precinct 4",2599,231,64,295,414,351,765,2,4,6,0,0,0,0,5,5,1,1,2,0,0,0,1073
"Oxford Township, Precinct 5",1985,219,65,284,244,269,513,1,2,3,0,3,3,1,2,3,0,1,1,0,1,1,808
"Oxford Township, Precinct 6",2371,205,41,246,398,369,767,4,2,6,0,0,0,1,0,1,2,0,2,0,0,0,1022
"Oxford Township, Precinct 7",2786,338,55,393,442,383,825,4,3,7,0,0,0,0,2,2,1,0,1,1,0,1,1229
"Rose Township, Precinct 1",1432,139,42,181,168,230,398,0,2,2,0,1,1,0,4,4,0,0,0,1,1,2,588
"Rose Township, Precinct 2",1904,174,37,211,257,310,567,2,3,5,0,0,0,0,3,3,0,1,1,0,1,1,788
"Rose Township, Precinct 3",2014,161,55,216,291,332,623,2,2,4,0,0,0,0,3,3,1,1,2,0,0,0,848
"Royal Oak Township, Precinct 1",1505,321,225,546,3,13,16,0,2,2,0,1,1,2,1,3,1,1,2,0,1,1,571
"Royal Oak Township, Precinct 2",1143,284,209,493,3,8,11,0,0,0,0,0,0,0,2,2,0,0,0,0,0,0,506
"Southfield Township, Precinct 1",961,175,69,244,61,87,148,1,1,2,0,0,0,1,0,1,0,2,2,0,0,0,397
"Southfield Township, Precinct 2",1130,209,64,273,85,97,182,1,0,1,0,0,0,0,0,0,2,1,3,0,0,0,459
"Southfield Township, Precinct 3",901,162,48,210,67,84,151,1,0,1,0,0,0,0,1,1,0,1,1,0,0,0,364
"Southfield Township, Precinct 4",1357,207,60,267,137,134,271,2,0,2,0,0,0,0,0,0,0,0,0,0,1,1,541
"Southfield Township, Precinct 5",1450,333,106,439,134,78,212,0,2,2,0,0,0,0,2,2,1,0,1,0,1,1,657
"Southfield Township, Precinct 6",2151,389,98,487,229,198,427,2,2,4,0,0,0,0,0,0,1,0,1,0,0,0,919
"Southfield Township, Precinct 7",1173,158,38,196,142,113,255,0,1,1,0,0,0,0,0,0,0,0,0,0,0,0,452
"Southfield Township, Precinct 8",1529,315,81,396,142,109,251,0,1,1,0,0,0,0,0,0,0,0,0,0,0,0,648
"Southfield Township, Precinct 9",1337,297,67,364,117,105,222,0,0,0,0,0,0,0,0,0,0,0,0,1,0,1,587
"Southfield Township, Precinct 10",1041,200,41,241,156,103,259,0,2,2,0,0,0,0,0,0,1,1,2,0,0,0,504
"Springfield Township, Precinct 1",1694,150,50,200,224,324,548,1,1,2,0,0,0,2,2,4,0,0,0,0,1,1,755
"Springfield Township, Precinct 2",2001,193,83,276,205,337,542,4,4,8,0,0,0,0,3,3,0,0,0,0,0,0,829
"Springfield Township, Precinct 3",2260,200,58,258,319,371,690,3,5,8,0,1,1,0,1,1,0,2,2,0,0,0,960
"Springfield Township, Precinct 4",1581,176,55,231,191,227,418,1,4,5,2,0,2,0,0,0,0,2,2,0,1,1,659
"Springfield Township, Precinct 5",1928,210,48,258,311,278,589,0,2,2,0,0,0,0,3,3,0,2,2,1,1,2,856
"Springfield Township, Precinct 6",1773,201,42,243,244,242,486,0,1,1,1,0,1,2,0,2,0,1,1,0,0,0,734
"Springfield Township, Precinct 7",984,90,21,111,108,173,281,0,3,3,0,0,0,0,0,0,1,0,1,0,0,0,396
"Waterford Township, Precinct 1",984,117,20,137,150,109,259,2,1,3,0,0,0,1,0,1,0,0,0,0,0,0,400
"Waterford Township, Precinct 2",3117,375,87,462,387,329,716,2,1,3,0,1,1,1,4,5,2,1,3,0,0,0,1190
"Waterford Township, Precinct 3",2991,369,97,466,291,367,658,1,4,5,0,0,0,1,2,3,0,1,1,0,0,0,1133
"Waterford Township, Precinct 4",2856,297,89,386,403,380,783,2,2,4,0,3,3,1,3,4,0,0,0,0,0,0,1180
"Waterford Township, Precinct 5",3213,379,95,474,399,415,814,4,5,9,3,2,5,2,1,3,0,3,3,0,2,2,1310
"Waterford Township, Precinct 6",2955,355,88,443,284,383,667,2,6,8,1,1,2,3,1,4,0,2,2,0,1,1,1127
"Waterford Township, Precinct 7",3076,351,116,467,305,350,655,3,3,6,0,0,0,1,1,2,0,0,0,0,0,0,1130
"Waterford Township, Precinct 8",2852,366,97,463,360,296,656,4,5,9,2,0,2,1,1,2,2,0,2,0,0,0,1134
"Waterford Township, Precinct 9",2913,369,104,473,385,279,664,4,2,6,0,2,2,1,2,3,2,3,5,0,0,0,1153
"Waterford Township, Precinct 10",1674,232,53,285,262,176,438,2,1,3,0,0,0,1,1,2,0,1,1,0,0,0,729
"Waterford Township, Precinct 11",2971,399,152,551,260,270,530,3,10,13,2,2,4,1,0,1,3,1,4,0,1,1,1104
"Waterford Township, Precinct 12",3016,418,125,543,377,270,647,0,3,3,3,1,4,1,5,6,3,3,6,0,0,0,1209
"Waterford Township, Precinct 13",3111,411,121,532,264,375,639,2,4,6,0,2,2,4,8,12,0,0,0,1,2,3,1194
"Waterford Township, Precinct 14",3024,421,171,592,240,261,501,5,3,8,1,3,4,3,6,9,3,1,4,0,0,0,1118
"Waterford Township, Precinct 15",3128,511,195,706,234,268,502,4,7,11,1,4,5,2,5,7,3,2,5,0,1,1,1237
"Waterford Township, Precinct 16",3312,392,113,505,410,427,837,4,7,11,0,0,0,1,4,5,0,2,2,2,0,2,1362
"Waterford Township, Precinct 17",3039,433,121,554,351,317,668,6,10,16,1,0,1,0,5,5,1,2,3,0,0,0,1247
"Waterford Township, Precinct 18",2479,372,95,467,281,288,569,0,4,4,0,0,0,3,2,5,1,0,1,0,0,0,1046
"Waterford Township, Precinct 19",2814,442,95,537,301,313,614,5,3,8,3,1,4,1,1,2,2,2,4,1,0,1,1170
"Waterford Township, Precinct 20",3195,450,163,613,336,398,734,3,5,8,0,0,0,4,2,6,1,5,6,0,0,0,1367
"Waterford Township, Precinct 21",3092,384,122,506,291,317,608,4,6,10,1,5,6,2,2,4,0,2,2,1,0,1,1137
"West Bloomfield Township, Precinct 1",2393,585,109,694,265,155,420,0,0,0,0,0,0,2,0,2,0,0,0,0,0,0,1116
"West Bloomfield Township, Precinct 2",2518,415,73,488,350,307,657,3,1,4,0,0,0,4,1,5,2,1,3,0,0,0,1157
"West Bloomfield Township, Precinct 3",1159,234,79,313,116,145,261,2,2,4,0,1,1,0,1,1,0,0,0,0,0,0,580
"West Bloomfield Township, Precinct 4",2527,521,73,594,340,175,515,5,3,8,0,0,0,1,0,1,0,2,2,0,0,0,1120
"West Bloomfield Township, Precinct 5",2420,534,113,647,297,278,575,2,1,3,0,1,1,0,1,1,0,0,0,0,0,0,1227
"West Bloomfield Township, Precinct 6",2144,572,94,666,273,188,461,2,0,2,1,1,2,0,0,0,1,3,4,0,0,0,1135
"West Bloomfield Township, Precinct 7",1707,429,72,501,153,117,270,1,0,1,0,0,0,1,0,1,1,3,4,0,0,0,777
"West Bloomfield Township, Precinct 8",2548,497,64,561,321,220,541,1,2,3,0,0,0,0,1,1,2,0,2,0,0,0,1108
"West Bloomfield Township, Precinct 9",1874,494,87,581,180,97,277,0,3,3,0,0,0,0,1,1,1,1,2,0,0,0,864
"West Bloomfield Township, Precinct 10",2668,668,66,734,305,175,480,2,1,3,0,0,0,0,1,1,2,0,2,0,0,0,1220
"West Bloomfield Township, Precinct 11",2360,627,120,747,224,144,368,1,3,4,1,1,2,0,1,1,3,0,3,1,0,1,1126
"West Bloomfield Township, Precinct 12",2609,882,104,986,222,134,356,1,1,2,0,1,1,0,0,0,0,1,1,0,0,0,1346
"West Bloomfield Township, Precinct 13",2165,547,63,610,174,163,337,3,0,3,0,1,1,1,0,1,1,0,1,1,0,1,954
"West Bloomfield Township, Precinct 14",1914,312,64,376,256,234,490,3,4,7,0,0,0,0,3,3,0,0,0,0,0,0,876
"West Bloomfield Township, Precinct 15",2896,794,106,900,309,196,505,0,3,3,0,2,2,0,1,1,0,0,0,0,0,0,1411
"West Bloomfield Township, Precinct 16",2553,569,73,642,379,146,525,1,0,1,2,0,2,0,1,1,1,1,2,0,1,1,1174
"West Bloomfield Township, Precinct 17",2414,631,82,713,273,133,406,1,0,1,0,0,0,0,0,0,2,0,2,2,0,2,1124
"West Bloomfield Township, Precinct 18",1900,420,72,492,252,200,452,4,1,5,0,1,1,0,0,0,0,1,1,0,0,0,951
"West Bloomfield Township, Precinct 19",2093,727,93,820,202,124,326,3,1,4,1,0,1,2,0,2,1,0,1,0,1,1,1155
"West Bloomfield Township, Precinct 20",1529,362,65,427,139,152,291,2,2,4,0,0,0,0,0,0,1,1,2,0,1,1,725
"West Bloomfield Township, Precinct 21",2018,506,110,616,237,143,380,1,2,3,0,0,0,1,1,2,0,1,1,0,0,0,1002
"West Bloomfield Township, Precinct 22",2811,736,86,822,390,197,587,1,1,2,0,0,0,0,3,3,1,0,1,0,0,0,1415
"West Bloomfield Township, Precinct 23",3059,750,127,877,399,333,732,4,0,4,1,0,1,0,0,0,0,0,0,0,0,0,1614
"West Bloomfield Township, Precinct 24",2063,438,78,516,327,288,615,2,1,3,0,0,0,0,1,1,0,2,2,0,0,0,1137
"West Bloomfield Township, Precinct 25",2284,477,81,558,259,208,467,3,2,5,0,0,0,1,0,1,0,0,0,0,0,0,1031
"White Lake Township, Precinct 1",2466,314,87,401,328,316,644,2,0,2,2,0,2,1,1,2,1,0,1,0,1,1,1053
"White Lake Township, Precinct 2",2422,224,68,292,306,349,655,2,2,4,0,3,3,0,6,6,2,1,3,0,2,2,965
"White Lake Township, Precinct 3",1476,167,21,188,185,192,377,2,1,3,0,0,0,0,2,2,0,1,1,1,0,1,572
"White Lake Township, Precinct 4",1130,93,23,116,198,155,353,0,2,2,0,0,0,0,0,0,0,1,1,0,0,0,472
"White Lake Township, Precinct 5",2356,274,73,347,332,298,630,3,2,5,0,0,0,0,2,2,0,2,2,0,0,0,986
"White Lake Township, Precinct 6",3028,305,101,406,391,371,762,1,4,5,0,0,0,3,2,5,3,3,6,0,0,0,1184
"White Lake Township, Precinct 7",1897,230,39,269,252,261,513,3,2,5,0,0,0,0,0,0,1,2,3,1,0,1,791
"White Lake Township, Precinct 8",2864,297,89,386,292,394,686,6,3,9,0,1,1,3,3,6,0,1,1,1,0,1,1090
"White Lake Township, Precinct 9",2228,229,98,327,252,266,518,1,7,8,0,0,0,0,2,2,2,1,3,1,0,1,859
"White Lake Township, Precinct 10",2672,241,85,326,285,293,578,2,3,5,0,3,3,1,8,9,2,2,4,0,0,0,925
"White Lake Township, Precinct 11",2497,272,67,339,340,330,670,5,4,9,1,1,2,1,4,5,1,2,3,0,1,1,1029
"White Lake Township, Precinct 12",1476,199,52,251,192,184,376,0,2,2,1,1,2,1,1,2,0,0,0,0,0,0,633
"Auburn Hills, Precinct 1",1270,200,64,264,111,141,252,4,1,5,1,0,1,0,0,0,1,2,3,0,0,0,525
"Auburn Hills, Precinct 2",1587,361,134,495,98,108,206,2,2,4,1,0,1,0,2,2,0,0,0,0,1,1,709
"Auburn Hills, Precinct 3",2187,340,145,485,145,210,355,6,8,14,0,1,1,0,4,4,3,2,5,0,2,2,866
"Auburn Hills, Precinct 4",1962,321,114,435,131,218,349,4,2,6,0,1,1,5,0,5,1,1,2,1,0,1,799
"Auburn Hills, Precinct 5",1434,254,70,324,151,147,298,3,4,7,0,0,0,0,1,1,0,0,0,0,0,0,630
"Auburn Hills, Precinct 6",2395,437,88,525,367,175,542,4,3,7,0,0,0,1,0,1,1,1,2,0,0,0,1077
"Auburn Hills, Precinct 7",2052,486,176,662,94,148,242,1,4,5,2,0,2,1,1,2,1,2,3,0,1,1,917
"Auburn Hills, Precinct 8",1846,364,146,510,99,157,256,4,1,5,1,1,2,1,3,4,1,0,1,0,0,0,778
"Auburn Hills, Precinct 9",1516,281,93,374,128,118,246,3,2,5,1,0,1,2,3,5,1,0,1,0,0,0,632
"Berkley, Precinct 1",2054,391,105,496,164,128,292,3,1,4,2,0,2,1,3,4,0,0,0,0,0,0,798
"Berkley, Precinct 2",1876,400,99,499,122,150,272,1,2,3,0,0,0,2,0,2,0,2,2,0,0,0,778
"Berkley, Precinct 3",1953,400,105,505,124,173,297,2,4,6,0,0,0,0,0,0,1,0,1,0,0,0,809
"Berkley, Precinct 4",1958,367,148,515,88,147,235,1,4,5,0,0,0,1,1,2,0,1,1,0,1,1,759
"Berkley, Precinct 5",1734,342,134,476,100,153,253,0,4,4,1,0,1,1,1,2,0,0,0,0,1,1,737
"Berkley, Precinct 6",1957,346,127,473,98,186,284,3,3,6,0,0,0,0,0,0,1,1,2,0,0,0,765
"Berkley, Precinct 7",1933,374,129,503,117,150,267,1,0,1,0,0,0,1,0,1,1,0,1,0,1,1,774
"Birmingham, Precinct 1",2129,297,52,349,258,207,465,1,0,1,0,0,0,0,0,0,1,0,1,0,0,0,816
"Birmingham, Precinct 2",2090,362,57,419,229,163,392,2,1,3,0,0,0,0,1,1,0,1,1,0,0,0,816
"Birmingham, Precinct 3",1887,369,66,435,154,164,318,1,5,6,1,1,2,0,0,0,1,0,1,0,0,0,762
"Birmingham, Precinct 4",2137,282,53,335,320,197,517,0,1,1,0,0,0,0,1,1,0,0,0,0,0,0,854
"Birmingham, Precinct 5",2097,390,63,453,207,199,406,0,2,2,0,0,0,0,0,0,1,1,2,0,0,0,863
"Birmingham, Precinct 6",2422,470,63,533,279,168,447,1,3,4,0,0,0,0,0,0,0,0,0,0,0,0,984
"Birmingham, Precinct 7",2475,429,99,528,214,180,394,4,1,5,0,2,2,0,0,0,2,0,2,2,0,2,933
"Birmingham, Precinct 8",2091,366,90,456,201,189,390,3,1,4,0,0,0,0,0,0,1,0,1,0,0,0,851
"Birmingham, Precinct 9",1639,244,78,322,133,176,309,1,1,2,0,0,0,0,1,1,0,0,0,0,0,0,634
"Bloomfield Hills, Precinct 1",2236,363,65,428,375,202,577,1,1,2,0,0,0,0,0,0,2,1,3,0,0,0,1010
"Bloomfield Hills, Precinct 2",1799,270,59,329,302,145,447,0,4,4,0,0,0,1,0,1,0,0,0,0,0,0,781
"Clarkston, Precinct 1",855,0,134,134,0,196,196,0,3,3,0,0,0,0,0,0,0,1,1,0,0,0,334
"Clawson, Precinct 1",2560,464,132,596,213,221,434,3,1,4,0,0,0,1,1,2,1,2,3,1,0,1,1040
"Clawson, Precinct 2",1761,309,64,373,141,159,300,2,4,6,0,0,0,0,2,2,0,1,1,0,0,0,682
"Clawson, Precinct 3",1725,279,85,364,144,154,298,0,2,2,0,0,0,2,0,2,1,1,2,0,0,0,668
"Clawson, Precinct 4",1635,259,86,345,111,177,288,3,2,5,0,0,0,0,2,2,0,2,2,0,0,0,642
"Clawson, Precinct 5",2142,338,118,456,186,222,408,3,3,6,0,1,1,0,0,0,0,1,1,0,0,0,872
"Farmington, Precinct 1",1097,230,54,284,84,96,180,1,1,2,0,0,0,0,0,0,0,0,0,1,0,1,467
"Farmington, Precinct 2",1580,339,94,433,130,146,276,1,1,2,0,0,0,0,0,0,2,0,2,3,0,3,716
"Farmington, Precinct 3",1475,256,112,368,103,140,243,1,4,5,0,0,0,2,0,2,0,0,0,0,1,1,619
"Farmington, Precinct 4",1409,329,76,405,107,101,208,1,3,4,0,1,1,0,0,0,2,0,2,0,0,0,620
"Farmington, Precinct 5",1110,217,78,295,102,87,189,0,1,1,0,0,0,0,0,0,0,0,0,0,0,0,485
"Farmington, Precinct 6",1236,252,77,329,125,93,218,2,1,3,0,0,0,1,0,1,1,2,3,0,0,0,554
"Farmington Hills, Precinct 1",2318,691,97,788,245,125,370,1,0,1,2,1,3,0,3,3,1,0,1,0,0,0,1166
"Farmington Hills, Precinct 2",2525,733,140,873,209,124,333,1,2,3,0,1,1,0,0,0,2,2,4,0,0,0,1214
"Farmington Hills, Precinct 3",2674,693,124,817,247,137,384,1,0,1,0,0,0,0,0,0,2,0,2,0,0,0,1204
"Farmington Hills, Precinct 4",2561,729,103,832,279,138,417,1,1,2,2,0,2,1,0,1,1,1,2,0,0,0,1256
"Farmington Hills, Precinct 5",2307,495,93,588,328,292,620,2,0,2,0,1,1,1,1,2,1,1,2,0,0,0,1215
"Farmington Hills, Precinct 6",1438,357,89,446,77,79,156,1,1,2,0,0,0,1,1,2,1,2,3,0,0,0,609
"Farmington Hills, Precinct 7",2472,652,100,752,326,152,478,3,3,6,0,1,1,0,0,0,1,0,1,0,0,0,1238
"Farmington Hills, Precinct 8",2132,543,85,628,239,125,364,2,0,2,1,0,1,0,1,1,1,0,1,0,0,0,997
"Farmington Hills, Precinct 9",2873,685,102,787,334,214,548,5,4,9,1,0,1,1,2,3,3,0,3,0,0,0,1351
"Farmington Hills, Precinct 10",3106,771,172,943,303,172,475,3,2,5,0,0,0,0,1,1,6,2,8,1,3,4,1436
"Farmington Hills, Precinct 11",2558,727,153,880,212,121,333,1,3,4,1,0,1,1,0,1,2,0,2,0,0,0,1221
"Farmington Hills, Precinct 12",2189,682,128,810,145,100,245,0,1,1,0,0,0,0,1,1,0,0,0,0,0,0,1057
"Farmington Hills, Precinct 13",2030,498,110,608,189,149,338,4,2,6,2,1,3,1,1,2,1,2,3,1,0,1,961
"Farmington Hills, Precinct 14",2471,484,94,578,269,228,497,2,2,4,1,2,3,0,1,1,0,1,1,0,0,0,1084
"Farmington Hills, Precinct 15",1400,291,67,358,167,106,273,3,1,4,0,0,0,0,0,0,0,1,1,0,0,0,636
"Farmington Hills, Precinct 16",2953,675,126,801,309,177,486,1,1,2,0,1,1,0,3,3,1,0,1,2,1,3,1297
"Farmington Hills, Precinct 17",2445,623,208,831,98,78,176,3,4,7,1,0,1,2,3,5,2,1,3,0,0,0,1023
"Farmington Hills, Precinct 18",1691,375,98,473,193,129,322,4,2,6,1,0,1,0,1,1,2,0,2,0,0,0,805
"Farmington Hills, Precinct 19",2301,656,150,806,187,125,312,5,0,5,0,1,1,1,0,1,0,0,0,1,0,1,1126
"Farmington Hills, Precinct 20",3000,776,166,942,233,172,405,2,3,5,0,0,0,2,4,6,1,0,1,0,0,0,1359
"Farmington Hills, Precinct 21",2897,614,160,774,260,245,505,2,3,5,3,1,4,5,4,9,2,4,6,0,2,2,1305
"Farmington Hills, Precinct 22",1991,416,79,495,213,143,356,2,2,4,1,1,2,0,2,2,0,0,0,0,0,0,859
"Farmington Hills, Precinct 23",2013,455,92,547,289,133,422,4,0,4,1,0,1,0,0,0,0,0,0,1,0,1,975
"Farmington Hills, Precinct 24",2967,712,121,833,369,181,550,3,2,5,3,1,4,0,1,1,1,0,1,0,0,0,1394
"Farmington Hills, Precinct 25",2933,792,127,919,290,180,470,7,1,8,0,0,0,3,0,3,0,1,1,0,0,0,1401
"Farmington Hills, Precinct 26",2849,597,172,769,235,182,417,6,6,12,1,1,2,2,5,7,3,2,5,0,0,0,1212
"Farmington Hills, Precinct 27",2833,580,230,810,179,194,373,5,8,13,1,0,1,0,5,5,5,0,5,0,0,0,1207
"Fenton, Precinct 2",15,0,2,2,0,4,4,0,0,0,0,0,0,0,0,0,0,0,0,0,0,0,6
"Ferndale, Precinct 1",2426,859,142,1001,122,86,208,3,0,3,0,0,0,0,1,1,0,0,0,1,0,1,1214
"Ferndale, Precinct 2",1819,493,171,664,74,92,166,2,1,3,0,0,0,0,3,3,4,1,5,0,0,0,841
"Ferndale, Precinct 3",1982,543,175,718,68,70,138,2,5,7,0,0,0,0,3,3,1,1,2,0,0,0,868
"Ferndale, Precinct 4",1903,479,166,645,83,86,169,5,4,9,0,0,0,0,0,0,2,1,3,0,0,0,826
"Ferndale, Precinct 5",1971,477,190,667,79,74,153,5,3,8,0,0,0,2,0,2,1,0,1,0,0,0,831
"Ferndale, Precinct 6",1899,384,172,556,103,132,235,2,4,6,0,0,0,1,1,2,0,1,1,0,0,0,800
"Ferndale, Precinct 7",1703,425,151,576,79,108,187,1,3,4,0,0,0,1,2,3,1,1,2,0,0,0,772
"Ferndale, Precinct 8",1105,284,92,376,46,34,80,0,4,4,0,0,0,0,0,0,0,0,0,0,1,1,461
"Ferndale, Precinct 9",1991,575,150,725,71,60,131,2,1,3,0,0,0,2,2,4,3,1,4,0,0,0,867
"Hazel Park, Precinct 1",2435,370,194,564,104,209,313,1,2,3,0,1,1,1,3,4,1,1,2,0,2,2,889
"Hazel Park, Precinct 2",2365,406,184,590,145,197,342,3,5,8,0,1,1,2,1,3,0,2,2,0,0,0,946
"Hazel Park, Precinct 3",2102,289,154,443,141,223,364,3,2,5,0,2,2,3,3,6,2,3,5,0,0,0,825
"Hazel Park, Precinct 4",1526,267,104,371,83,143,226,2,4,6,0,0,0,0,5,5,0,3,3,1,0,1,612
"Hazel Park, Precinct 5",2402,361,178,539,119,229,348,2,7,9,2,0,2,0,3,3,1,0,1,0,1,1,903
"Hazel Park, Precinct 6",2009,308,155,463,84,161,245,5,3,8,0,1,1,2,1,3,3,1,4,1,1,2,726
"Huntington Woods, Precinct 1",1328,437,47,484,50,42,92,0,0,0,0,0,0,0,0,0,0,0,0,0,0,0,576
"Huntington Woods, Precinct 2",1080,312,58,370,42,49,91,1,2,3,0,0,0,0,0,0,0,0,0,0,0,0,464
"Huntington Woods, Precinct 3",1169,344,57,401,50,54,104,2,1,3,0,0,0,1,0,1,1,0,1,0,0,0,510
"Huntington Woods, Precinct 4",1064,366,48,414,33,31,64,1,0,1,0,0,0,0,0,0,1,0,1,0,0,0,480
"Huntington Woods, Precinct 5",1099,322,53,375,50,37,87,1,0,1,0,0,0,1,0,1,0,1,1,0,0,0,465
"Keego Harbor, Precinct 1",2258,290,147,437,195,264,459,1,6,7,0,1,1,4,3,7,4,1,5,0,1,1,917
"Lake Angelus, Precinct 1",263,0,29,29,0,88,88,0,0,0,0,0,0,0,0,0,0,0,0,0,0,0,117
"Lathrup Village, Precinct 1",1956,777,131,908,85,48,133,1,3,4,1,0,1,1,2,3,0,0,0,0,0,0,1049
"Lathrup Village, Precinct 2",1951,746,180,926,50,40,90,1,0,1,1,0,1,0,0,0,0,1,1,0,0,0,1019
"Madison Heights, Precinct 1",1977,319,112,431,132,181,313,4,4,8,0,0,0,1,5,6,2,0,2,0,0,0,760
"Madison Heights, Precinct 2",1689,262,94,356,132,147,279,3,2,5,0,0,0,1,1,2,3,2,5,0,1,1,648
"Madison Heights, Precinct 3",2029,308,117,425,126,190,316,4,4,8,2,0,2,3,6,9,0,2,2,0,1,1,763
"Madison Heights, Precinct 4",1978,279,100,379,121,180,301,5,2,7,0,0,0,0,4,4,2,2,4,0,0,0,695
"Madison Heights, Precinct 5",1644,234,78,312,160,171,331,1,3,4,1,1,2,1,1,2,1,0,1,0,0,0,652
"Madison Heights, Precinct 6",450,136,4,140,38,11,49,0,0,0,0,0,0,0,0,0,0,0,0,1,0,1,190
"Madison Heights, Precinct 7",2369,397,90,487,233,224,457,3,2,5,2,0,2,1,2,3,0,1,1,0,0,0,955
"Madison Heights, Precinct 8",2924,486,119,605,285,273,558,6,2,8,0,0,0,2,1,3,4,2,6,1,0,1,1181
"Madison Heights, Precinct 9",2436,414,103,517,208,251,459,4,5,9,0,1,1,1,6,7,0,2,2,1,0,1,996
"Madison Heights, Precinct 10",2046,305,107,412,220,183,403,2,2,4,1,1,2,1,0,1,3,2,5,0,1,1,828
"Madison Heights, Precinct 11",3073,562,214,776,242,176,418,5,7,12,3,1,4,5,1,6,2,2,4,1,1,2,1222
"Northville, Precinct 2",2775,493,80,573,343,264,607,1,3,4,1,0,1,0,1,1,1,0,1,0,0,0,1187
"Novi, Precinct 1",1996,389,78,467,246,179,425,0,1,1,1,0,1,2,0,2,1,0,1,2,0,2,899
"Novi, Precinct 2",2552,529,124,653,320,205,525,1,2,3,0,0,0,1,3,4,3,1,4,1,0,1,1190
"Novi, Precinct 3",1868,422,112,534,201,125,326,5,4,9,0,1,1,0,1,1,0,0,0,1,0,1,872
"Novi, Precinct 4",2064,462,118,580,218,163,381,4,0,4,0,0,0,1,0,1,0,0,0,0,0,0,966
"Novi, Precinct 5",1851,366,110,476,186,119,305,1,2,3,0,0,0,2,1,3,3,0,3,0,0,0,790
"Novi, Precinct 6",2130,503,102,605,236,153,389,0,2,2,1,0,1,0,0,0,2,0,2,0,0,0,999
"Novi, Precinct 7",1997,514,95,609,242,110,352,2,2,4,0,0,0,4,0,4,1,0,1,1,0,1,971
"Novi, Precinct 8",2015,449,79,528,255,186,441,4,1,5,0,1,1,0,2,2,0,0,0,0,0,0,977
"Novi, Precinct 9",1737,433,52,485,268,103,371,2,1,3,0,0,0,0,0,0,0,0,0,0,0,0,859
"Novi, Precinct 10",1269,300,30,330,305,62,367,1,0,1,0,0,0,1,0,1,0,0,0,0,0,0,699
"Novi, Precinct 11",2179,383,168,551,144,169,313,2,3,5,2,0,2,0,3,3,1,3,4,0,0,0,878
"Novi, Precinct 12",2115,436,232,668,91,124,215,4,3,7,0,1,1,2,1,3,3,2,5,0,0,0,899
"Novi, Precinct 13",2022,456,83,539,227,184,411,0,3,3,1,1,2,3,0,3,1,0,1,0,1,1,960
"Novi, Precinct 14",1187,329,103,432,143,100,243,0,1,1,0,0,0,0,0,0,1,0,1,0,0,0,677
"Novi, Precinct 15",1643,397,68,465,193,116,309,3,0,3,1,0,1,1,0,1,1,0,1,0,0,0,780
"Novi, Precinct 16",1849,364,49,413,277,151,428,0,0,0,0,0,0,0,1,1,2,0,2,0,0,0,844
"Novi, Precinct 17",1645,317,55,372,248,152,400,1,1,2,0,0,0,1,0,1,1,0,1,0,0,0,776
"Novi, Precinct 18",1966,374,61,435,277,169,446,1,0,1,0,1,1,0,0,0,0,1,1,0,0,0,884
"Novi, Precinct 19",2008,404,66,470,277,138,415,0,0,0,0,0,0,1,1,2,4,0,4,0,0,0,891
"Novi, Precinct 20",1244,251,56,307,187,132,319,0,2,2,0,0,0,0,0,0,0,0,0,0,1,1,629
"Novi, Precinct 21",1830,429,47,476,286,123,409,4,1,5,0,0,0,0,1,1,1,2,3,0,0,0,894
"Novi, Precinct 22",1836,335,122,457,126,185,311,2,2,4,0,1,1,0,2,2,2,2,4,0,0,0,779
"Novi, Precinct 23",1626,329,58,387,250,126,376,1,0,1,0,0,0,0,0,0,1,1,2,0,0,0,766
"Novi, Precinct 24",1885,383,41,424,276,140,416,0,0,0,1,0,1,0,0,0,1,0,1,0,0,0,842
"Novi, Precinct 25",1161,196,31,227,239,148,387,2,0,2,0,1,1,0,1,1,1,0,1,0,0,0,619
"Oak Park, Precinct 1",1353,252,196,448,57,46,103,1,2,3,0,1,1,0,2,2,1,1,2,0,0,0,559
"Oak Park, Precinct 2",1736,328,110,438,166,122,288,3,2,5,1,1,2,0,0,0,1,2,3,0,0,0,736
"Oak Park, Precinct 3",1916,426,98,524,179,141,320,0,0,0,0,0,0,1,0,1,1,0,1,0,0,0,846
"Oak Park, Precinct 4",1538,317,106,423,177,94,271,0,2,2,1,0,1,1,1,2,0,1,1,0,1,1,701
"Oak Park, Precinct 5",1209,375,144,519,24,17,41,1,0,1,0,0,0,2,2,4,1,1,2,0,1,1,568
"Oak Park, Precinct 6",1721,496,180,676,79,68,147,0,0,0,1,1,2,0,1,1,1,1,2,0,1,1,829
"Oak Park, Precinct 7",1751,560,268,828,25,22,47,1,1,2,1,0,1,2,2,4,1,1,2,0,1,1,885
"Oak Park, Precinct 8",1747,679,227,906,21,9,30,2,2,4,0,0,0,2,1,3,0,0,0,0,0,0,943
"Oak Park, Precinct 9",1716,658,231,889,17,16,33,0,2,2,0,1,1,0,3,3,0,1,1,0,0,0,929
"Oak Park, Precinct 10",1891,698,295,993,28,18,46,0,2,2,0,0,0,2,0,2,0,0,0,0,0,0,1043
"Oak Park, Precinct 11",1675,393,260,653,55,61,116,2,3,5,0,1,1,1,3,4,0,2,2,0,0,0,781
"Oak Park, Precinct 12",1885,644,262,906,34,37,71,0,3,3,0,1,1,1,2,3,0,5,5,0,0,0,989
"Oak Park, Precinct 13",1825,649,206,855,22,20,42,1,2,3,0,0,0,1,0,1,1,1,2,0,0,0,903
"Oak Park, Precinct 14",1405,392,157,549,44,46,90,1,3,4,0,0,0,1,2,3,0,1,1,0,0,0,647
"Oak Park, Precinct 15",1412,421,190,611,43,29,72,2,0,2,0,0,0,0,3,3,0,1,1,0,0,0,689
"Oak Park, Precinct 16",1648,397,149,546,54,81,135,2,3,5,0,0,0,0,0,0,2,0,2,0,1,1,689
"Orchard Lake, Precinct 1",2118,338,49,387,440,231,671,1,0,1,0,0,0,0,0,0,2,0,2,0,1,1,1062
"Pleasant Ridge, Precinct 1",2513,645,246,891,94,113,207,2,2,4,0,0,0,0,1,1,1,0,1,0,0,0,1104
"Pontiac, Precinct 1",2957,795,347,1142,24,18,42,1,2,3,0,2,2,2,5,7,0,0,0,0,1,1,1197
"Pontiac, Precinct 2",2369,475,237,712,43,55,98,1,2,3,0,1,1,2,4,6,0,1,1,2,0,2,823
"Pontiac, Precinct 3",2138,602,263,865,42,51,93,1,4,5,3,0,3,1,5,6,1,1,2,2,0,2,976
"Pontiac, Precinct 4",1923,370,134,504,78,109,187,4,2,6,0,2,2,1,5,6,0,1,1,0,0,0,706
"Pontiac, Precinct 5",2023,388,178,566,49,62,111,3,0,3,0,0,0,0,1,1,1,0,1,1,0,1,683
"Pontiac, Precinct 6",2370,520,261,781,35,62,97,1,0,1,0,1,1,2,3,5,1,1,2,0,0,0,887
"Pontiac, Precinct 7",1452,147,150,297,33,50,83,1,0,1,0,2,2,2,2,4,0,0,0,0,0,0,387
"Pontiac, Precinct 8",2568,330,249,579,100,148,248,3,8,11,1,3,4,2,4,6,1,1,2,0,2,2,852
"Pontiac, Precinct 9",1810,271,218,489,38,52,90,2,1,3,2,1,3,2,1,3,0,0,0,0,1,1,589
"Pontiac, Precinct 10",637,81,75,156,29,36,65,1,0,1,1,0,1,1,0,1,0,0,0,0,0,0,224
"Pontiac, Precinct 11",3252,520,308,828,143,188,331,0,4,4,3,1,4,2,5,7,1,0,1,2,3,5,1180
"Pontiac, Precinct 12",2546,380,260,640,90,166,256,0,4,4,1,0,1,1,6,7,0,2,2,1,0,1,911
"Pontiac, Precinct 13",2250,437,231,668,72,128,200,2,7,9,1,3,4,0,3,3,2,2,4,1,2,3,891
"Pontiac, Precinct 14",2051,347,236,583,25,49,74,1,1,2,1,1,2,4,4,8,2,0,2,0,0,0,671
"Pontiac, Precinct 15",2640,594,418,1012,28,48,76,0,2,2,1,0,1,0,1,1,1,0,1,2,0,2,1095
"Pontiac, Precinct 16",2623,590,307,897,37,55,92,2,3,5,3,0,3,2,10,12,0,2,2,1,0,1,1012
"Pontiac, Precinct 17",2490,280,248,528,48,86,134,3,3,6,2,1,3,1,3,4,4,0,4,0,2,2,681
"Pontiac, Precinct 18",2090,221,133,354,21,72,93,2,0,2,0,2,2,2,5,7,3,0,3,0,1,1,462
"Pontiac, Precinct 19",2885,578,323,901,22,30,52,2,2,4,2,4,6,6,3,9,1,4,5,2,2,4,981
"Pontiac, Precinct 20",2290,615,285,900,42,29,71,1,2,3,2,1,3,2,8,10,0,1,1,1,0,1,989
"Pontiac, Precinct 21",2872,522,343,865,32,34,66,0,0,0,3,4,7,5,1,6,1,0,1,0,1,1,946
"Rochester, Precinct 1",2118,334,112,446,167,197,364,2,3,5,0,0,0,2,0,2,1,0,1,0,0,0,818
"Rochester, Precinct 2",2896,444,106,550,288,284,572,2,3,5,1,0,1,1,0,1,3,0,3,0,1,1,1133
"Rochester, Precinct 3",1670,221,86,307,141,170,311,3,2,5,0,1,1,1,0,1,0,0,0,0,0,0,625
"Rochester, Precinct 4",1327,210,41,251,180,170,350,0,1,1,1,0,1,0,0,0,0,0,0,0,0,0,603
"Rochester, Precinct 5",2175,287,35,322,306,276,582,1,1,2,0,0,0,0,0,0,0,0,0,0,0,0,906
"Rochester, Precinct 6",1215,179,20,199,197,109,306,0,1,1,0,0,0,0,0,0,0,0,0,0,0,0,506
"Rochester Hills, Precinct 1",2074,375,86,461,298,172,470,1,2,3,1,1,2,0,0,0,0,0,0,1,0,1,937
"Rochester Hills, Precinct 2",1069,221,51,272,114,63,177,2,2,4,0,0,0,0,0,0,0,0,0,0,1,1,454
"Rochester Hills, Precinct 3",1519,233,88,321,148,202,350,0,0,0,0,0,0,0,1,1,0,0,0,1,0,1,673
"Rochester Hills, Precinct 4",1436,262,64,326,192,126,318,0,1,1,0,0,0,0,0,0,0,0,0,0,0,0,645
"Rochester Hills, Precinct 5",2117,326,81,407,285,296,581,3,4,7,0,2,2,1,1,2,0,0,0,0,0,0,999
"Rochester Hills, Precinct 6",2657,467,80,547,432,239,671,2,3,5,2,1,3,1,5,6,0,1,1,0,1,1,1234
"Rochester Hills, Precinct 7",1095,146,51,197,159,101,260,1,0,1,2,0,2,0,0,0,0,1,1,0,1,1,462
"Rochester Hills, Precinct 8",1005,154,30,184,190,92,282,0,1,1,0,0,0,0,0,0,0,0,0,0,0,0,467
"Rochester Hills, Precinct 9",2362,376,63,439,280,195,475,4,4,8,0,0,0,1,0,1,0,0,0,0,0,0,923
"Rochester Hills, Precinct 10",1505,283,57,340,160,116,276,0,2,2,0,1,1,1,0,1,0,0,0,0,0,0,620
"Rochester Hills, Precinct 11",1766,250,82,332,169,229,398,6,4,10,0,0,0,0,2,2,1,0,1,0,0,0,743
"Rochester Hills, Precinct 12",2108,325,62,387,336,250,586,0,1,1,0,1,1,0,2,2,2,0,2,0,0,0,979
"Rochester Hills, Precinct 13",1692,264,54,318,226,234,460,0,2,2,0,0,0,0,0,0,0,2,2,0,0,0,782
"Rochester Hills, Precinct 14",2491,497,63,560,355,210,565,1,7,8,1,0,1,1,0,1,0,0,0,0,0,0,1135
"Rochester Hills, Precinct 15",2192,278,98,376,226,217,443,3,2,5,0,0,0,3,1,4,2,1,3,0,1,1,832
"Rochester Hills, Precinct 16",2443,415,77,492,313,253,566,4,3,7,1,0,1,1,2,3,1,0,1,0,0,0,1070
"Rochester Hills, Precinct 17",2498,450,78,528,316,236,552,3,2,5,0,0,0,1,0,1,0,0,0,0,0,0,1086
"Rochester Hills, Precinct 18",1454,222,34,256,246,139,385,1,1,2,0,1,1,0,0,0,0,0,0,0,0,0,644
"Rochester Hills, Precinct 19",1350,171,32,203,208,160,368,2,1,3,0,1,1,0,0,0,0,0,0,0,0,0,575
"Rochester Hills, Precinct 20",1247,248,42,290,165,86,251,0,0,0,0,0,0,0,0,0,1,0,1,0,0,0,542
"Rochester Hills, Precinct 21",2005,289,59,348,322,282,604,1,1,2,2,0,2,0,0,0,1,0,1,0,0,0,957
"Rochester Hills, Precinct 22",1405,263,41,304,203,101,304,0,1,1,0,0,0,1,0,1,0,0,0,0,0,0,610
"Rochester Hills, Precinct 23",1403,259,35,294,176,111,287,2,2,4,0,0,0,1,0,1,2,0,2,0,0,0,588
"Rochester Hills, Precinct 24",1796,371,38,409,286,149,435,0,1,1,2,1,3,1,0,1,1,0,1,0,0,0,850
"Rochester Hills, Precinct 25",2307,365,65,430,300,216,516,4,2,6,0,0,0,2,1,3,1,0,1,0,0,0,956
"Rochester Hills, Precinct 26",2594,443,70,513,351,230,581,1,0,1,1,1,2,0,0,0,1,0,1,0,0,0,1098
"Rochester Hills, Precinct 27",1843,402,49,451,250,166,416,1,1,2,1,0,1,0,0,0,1,1,2,1,0,1,873
"Rochester Hills, Precinct 28",1919,383,141,524,176,164,340,2,4,6,0,0,0,0,0,0,0,1,1,0,0,0,871
"Rochester Hills, Precinct 29",1124,183,36,219,137,107,244,2,1,3,2,0,2,0,1,1,0,1,1,1,0,1,471
"Rochester Hills, Precinct 30",2374,434,55,489,270,183,453,2,4,6,0,0,0,4,0,4,2,0,2,0,0,0,954
"Rochester Hills, Precinct 31",1517,290,62,352,173,175,348,1,1,2,0,0,0,0,0,0,1,0,1,0,0,0,703
"Rochester Hills, Precinct 32",1767,334,69,403,240,161,401,1,2,3,0,0,0,0,1,1,1,0,1,0,1,1,810
"Royal Oak, Precinct 1",2342,494,102,596,121,150,271,0,2,2,0,0,0,0,0,0,0,0,0,0,0,0,869
"Royal Oak, Precinct 2",2566,467,147,614,162,183,345,2,6,8,0,1,1,0,1,1,3,0,3,0,0,0,972
"Royal Oak, Precinct 3",1704,311,108,419,109,154,263,0,1,1,1,0,1,0,0,0,0,2,2,0,0,0,686
"Royal Oak, Precinct 4",1865,348,114,462,113,127,240,1,4,5,0,0,0,0,1,1,1,0,1,0,1,1,710
"Royal Oak, Precinct 5",1646,397,79,476,115,100,215,2,4,6,2,0,2,1,0,1,0,0,0,0,0,0,700
"Royal Oak, Precinct 6",2904,589,175,764,143,178,321,2,8,10,0,1,1,0,1,1,2,1,3,0,0,0,1100
"Royal Oak, Precinct 7",1976,420,155,575,120,145,265,3,3,6,0,0,0,0,0,0,1,0,1,0,0,0,847
"Royal Oak, Precinct 8",2579,480,130,610,201,173,374,4,3,7,0,0,0,0,0,0,0,3,3,0,0,0,994
"Royal Oak, Precinct 9",2967,618,149,767,171,186,357,3,4,7,0,0,0,1,2,3,0,1,1,0,0,0,1135
"Royal Oak, Precinct 10",2137,399,103,502,161,162,323,4,3,7,0,1,1,0,0,0,0,0,0,1,0,1,834
"Royal Oak, Precinct 11",1872,351,112,463,126,162,288,3,2,5,0,0,0,0,0,0,1,2,3,0,0,0,759
"Royal Oak, Precinct 12",2050,340,124,464,120,169,289,1,4,5,0,0,0,1,4,5,3,0,3,0,0,0,766
"Royal Oak, Precinct 13",2205,395,130,525,165,180,345,0,4,4,0,0,0,0,0,0,0,0,0,0,0,0,874
"Royal Oak, Precinct 14",1762,354,58,412,157,105,262,3,4,7,0,0,0,0,1,1,0,0,0,0,0,0,682
"Royal Oak, Precinct 15",1724,322,132,454,114,116,230,0,4,4,0,1,1,1,2,3,2,0,2,0,0,0,694
"Royal Oak, Precinct 16",2864,571,135,706,236,176,412,4,0,4,0,0,0,1,0,1,0,0,0,0,0,0,1123
"Royal Oak, Precinct 17",1934,409,86,495,149,134,283,3,2,5,0,0,0,0,1,1,0,1,1,0,0,0,785
"Royal Oak, Precinct 18",2071,402,120,522,143,140,283,5,1,6,0,0,0,0,1,1,3,1,4,0,0,0,816
"Royal Oak, Precinct 19",2927,541,191,732,197,245,442,4,5,9,0,0,0,2,0,2,0,0,0,1,2,3,1188
"Royal Oak, Precinct 20",2290,431,109,540,212,154,366,2,7,9,0,0,0,2,2,4,0,2,2,0,1,1,922
"Royal Oak, Precinct 21",2237,507,150,657,165,142,307,1,4,5,0,1,1,0,0,0,1,1,2,0,0,0,972
"Royal Oak, Precinct 22",2300,466,128,594,165,173,338,2,2,4,0,0,0,0,1,1,2,1,3,0,1,1,941
"Royal Oak, Precinct 23",1869,321,116,437,126,167,293,0,3,3,0,0,0,0,2,2,1,1,2,0,0,0,737
"Royal Oak, Precinct 24",1226,219,67,286,70,106,176,5,0,5,0,0,0,1,0,1,0,1,1,0,0,0,469
"South Lyon, Precinct 1",3315,539,106,645,483,326,809,1,5,6,1,0,1,0,1,1,2,0,2,0,1,1,1465
"South Lyon, Precinct 2",2331,274,79,353,211,305,516,7,3,10,0,0,0,2,4,6,0,2,2,0,0,0,887
"South Lyon, Precinct 3",2376,312,84,396,306,282,588,2,2,4,0,1,1,0,1,1,2,1,3,0,0,0,993
"South Lyon, Precinct 4",1772,212,79,291,152,210,362,3,5,8,1,0,1,0,1,1,2,0,2,0,3,3,668
"Southfield, Precinct 1",1753,704,168,872,66,32,98,1,0,1,1,2,3,2,1,3,0,1,1,0,0,0,978
"Southfield, Precinct 2",2135,757,142,899,119,65,184,4,0,4,1,1,2,0,1,1,2,1,3,0,0,0,1093
"Southfield, Precinct 3",1822,647,161,808,59,53,112,3,3,6,0,0,0,2,3,5,0,1,1,0,0,0,932
"Southfield, Precinct 4",2201,797,180,977,66,86,152,1,3,4,0,2,2,4,2,6,2,1,3,0,0,0,1144
"Southfield, Precinct 5",1267,373,121,494,56,69,125,0,2,2,1,0,1,0,0,0,0,0,0,1,0,1,623
"Southfield, Precinct 6",1669,638,151,789,55,46,101,3,0,3,0,0,0,1,0,1,1,1,2,0,0,0,896
"Southfield, Precinct 7",1809,751,190,941,37,17,54,0,1,1,1,1,2,1,1,2,0,0,0,0,0,0,1000
"Southfield, Precinct 8",1469,577,169,746,45,31,76,1,0,1,1,1,2,2,0,2,1,0,1,0,1,1,829
"Southfield, Precinct 9",1913,543,182,725,89,77,166,5,5,10,1,1,2,3,2,5,1,1,2,0,0,0,910
"Southfield, Precinct 10",1852,699,191,890,52,39,91,0,1,1,0,0,0,3,2,5,1,0,1,0,1,1,989
"Southfield, Precinct 11",2001,810,223,1033,36,22,58,1,1,2,0,0,0,2,4,6,0,3,3,1,2,3,1105
"Southfield, Precinct 12",1605,712,172,884,29,37,66,1,0,1,0,1,1,1,0,1,2,0,2,0,0,0,955
"Southfield, Precinct 13",1743,618,112,730,100,89,189,0,0,0,0,0,0,1,1,2,1,0,1,0,0,0,922
"Southfield, Precinct 14",1569,389,93,482,191,120,311,1,0,1,0,0,0,0,0,0,0,0,0,0,1,1,795
"Southfield, Precinct 15",1433,511,167,678,29,28,57,1,2,3,1,1,2,1,2,3,0,2,2,0,0,0,745
"Southfield, Precinct 16",1600,647,168,815,26,19,45,1,1,2,0,0,0,1,3,4,0,0,0,0,0,0,866
"Southfield, Precinct 17",1817,635,177,812,70,99,169,0,3,3,0,0,0,0,3,3,0,0,0,0,0,0,987
"Southfield, Precinct 18",1893,700,301,1001,17,11,28,1,2,3,0,1,1,1,2,3,0,2,2,0,1,1,1039
"Southfield, Precinct 19",1474,437,227,664,25,37,62,3,3,6,0,1,1,0,0,0,0,3,3,0,0,0,736
"Southfield, Precinct 20",1884,806,216,1022,31,13,44,0,0,0,1,0,1,1,0,1,0,1,1,0,0,0,1069
"Southfield, Precinct 21",2015,863,236,1099,24,11,35,1,2,3,0,0,0,0,2,2,0,0,0,0,0,0,1139
"Southfield, Precinct 22",2099,892,235,1127,21,18,39,1,2,3,1,1,2,4,4,8,0,1,1,0,1,1,1181
"Southfield, Precinct 23",2015,782,202,984,46,32,78,1,0,1,1,0,1,0,0,0,1,1,2,0,0,0,1066
"Southfield, Precinct 24",1847,621,259,880,28,21,49,1,3,4,2,0,2,1,1,2,0,1,1,0,0,0,938
"Southfield, Precinct 25",1485,607,131,738,48,28,76,0,0,0,0,1,1,1,1,2,0,0,0,0,0,0,817
"Southfield, Precinct 26",1844,734,140,874,79,39,118,1,0,1,1,0,1,0,2,2,0,0,0,0,1,1,997
"Southfield, Precinct 27",1785,690,212,902,33,17,50,1,3,4,0,0,0,1,0,1,2,2,4,0,0,0,961
"Southfield, Precinct 28",1873,548,266,814,34,18,52,2,2,4,0,1,1,2,2,4,4,3,7,0,0,0,882
"Southfield, Precinct 29",2290,920,216,1136,63,37,100,2,1,3,1,2,3,2,1,3,0,0,0,1,0,1,1246
"Southfield, Precinct 30",2085,840,167,1007,93,48,141,0,2,2,0,1,1,1,0,1,0,0,0,0,0,0,1152
"Southfield, Precinct 31",2010,729,229,958,73,20,93,1,2,3,1,1,2,3,2,5,0,1,1,0,0,0,1062
"Southfield, Precinct 32",1517,584,171,755,50,33,83,1,2,3,0,1,1,1,3,4,1,0,1,0,0,0,847
"Southfield, Precinct 33",2019,837,274,1111,28,18,46,1,2,3,1,1,2,3,0,3,0,1,1,1,1,2,1168
"Southfield, Precinct 34",1562,394,165,559,53,98,151,3,2,5,2,0,2,0,2,2,0,1,1,1,0,1,721
"Southfield, Precinct 35",1554,478,235,713,22,28,50,1,1,2,0,0,0,0,0,0,0,0,0,0,2,2,767
"Southfield, Precinct 36",1582,462,206,668,39,52,91,1,1,2,0,0,0,5,0,5,0,2,2,2,0,2,770
"Sylvan Lake, Precinct 1",1566,251,84,335,165,207,372,2,1,3,0,0,0,0,1,1,1,0,1,0,0,0,712
"Troy, Precinct 1",1480,328,71,399,156,163,319,3,0,3,0,0,0,1,0,1,3,0,3,0,0,0,725
"Troy, Precinct 2",2461,483,95,578,301,241,542,1,5,6,0,0,0,0,1,1,0,1,1,0,0,0,1128
"Troy, Precinct 3",2280,373,74,447,319,292,611,1,1,2,0,0,0,0,1,1,0,0,0,0,0,0,1061
"Troy, Precinct 4",3064,667,81,748,383,221,604,3,1,4,0,2,2,1,0,1,0,1,1,0,0,0,1360
"Troy, Precinct 5",1568,213,52,265,286,176,462,1,1,2,0,1,1,0,0,0,0,1,1,1,0,1,732
"Troy, Precinct 6",544,100,24,124,93,64,157,0,1,1,0,1,1,0,0,0,1,1,2,1,0,1,286
"Troy, Precinct 7",1857,413,53,466,278,149,427,1,2,3,0,0,0,0,0,0,1,1,2,0,0,0,898
"Troy, Precinct 8",1958,396,91,487,197,150,347,3,0,3,1,0,1,0,0,0,2,1,3,0,0,0,841
"Troy, Precinct 9",2412,411,88,499,333,264,597,3,2,5,1,1,2,0,1,1,1,1,2,0,0,0,1106
"Troy, Precinct 10",2226,423,79,502,256,220,476,0,3,3,0,0,0,0,0,0,0,1,1,1,0,1,983
"Troy, Precinct 11",1967,369,95,464,274,161,435,2,2,4,0,0,0,1,0,1,0,0,0,1,0,1,905
"Troy, Precinct 12",1561,314,41,355,207,159,366,0,3,3,0,0,0,0,0,0,0,0,0,0,0,0,724
"Troy, Precinct 13",3004,604,120,724,332,268,600,5,1,6,3,1,4,0,0,0,2,0,2,0,0,0,1336
"Troy, Precinct 14",2282,439,73,512,298,250,548,1,1,2,0,0,0,0,2,2,0,0,0,0,1,1,1065
"Troy, Precinct 15",2107,456,95,551,214,213,427,1,0,1,2,0,2,0,0,0,1,1,2,0,0,0,983
"Troy, Precinct 16",1802,349,83,432,198,174,372,0,5,5,0,0,0,0,1,1,0,2,2,1,1,2,814
"Troy, Precinct 17",2349,534,63,597,297,163,460,0,1,1,1,0,1,1,0,1,0,0,0,1,0,1,1061
"Troy, Precinct 18",1658,262,52,314,209,157,366,1,1,2,1,0,1,0,0,0,0,0,0,1,0,1,684
"Troy, Precinct 19",1588,280,46,326,206,138,344,3,0,3,0,0,0,0,0,0,1,0,1,0,0,0,674
"Troy, Precinct 20",2370,487,90,577,335,204,539,4,0,4,2,1,3,0,0,0,1,0,1,0,1,1,1125
"Troy, Precinct 21",1712,353,78,431,155,194,349,2,2,4,0,0,0,0,2,2,3,1,4,0,0,0,790
"Troy, Precinct 22",2925,602,111,713,330,244,574,2,1,3,4,0,4,0,2,2,1,0,1,0,0,0,1297
"Troy, Precinct 23",2939,641,113,754,315,275,590,2,4,6,0,1,1,3,3,6,0,0,0,2,0,2,1359
"Troy, Precinct 24",2562,403,119,522,286,365,651,2,2,4,3,0,3,0,1,1,1,1,2,0,0,0,1183
"Troy, Precinct 25",2937,510,140,650,310,283,593,3,4,7,2,2,4,3,2,5,4,1,5,0,2,2,1266
"Troy, Precinct 26",2705,484,126,610,250,220,470,5,1,6,2,1,3,3,1,4,0,1,1,0,0,0,1094
"Troy, Precinct 27",2125,429,124,553,224,154,378,3,2,5,0,0,0,1,0,1,4,0,4,1,1,2,943
"Troy, Precinct 28",2039,402,115,517,152,131,283,1,2,3,0,0,0,0,1,1,0,0,0,0,0,0,804
"Troy, Precinct 29",2610,421,71,492,294,210,504,2,4,6,0,0,0,0,0,0,0,0,0,0,0,0,1002
"Troy, Precinct 30",614,124,12,136,58,56,114,1,0,1,1,0,1,0,0,0,1,0,1,0,0,0,253
"Troy, Precinct 31",884,145,32,177,127,84,211,0,1,1,0,0,0,0,1,1,0,0,0,0,0,0,390
"Walled Lake, Precinct 1",2136,299,154,453,199,230,429,1,5,6,0,1,1,1,1,2,0,2,2,0,0,0,893
"Walled Lake, Precinct 2",2148,334,137,471,212,265,477,2,3,5,0,0,0,1,2,3,2,1,3,0,1,1,960
"Walled Lake, Precinct 3",1531,215,72,287,156,203,359,0,4,4,0,0,0,1,1,2,0,1,1,0,1,1,654
"Wixom, Precinct 1",2829,377,75,452,429,293,722,5,5,10,1,0,1,0,0,0,1,0,1,0,0,0,1186
"Wixom, Precinct 2",2274,324,56,380,311,226,537,2,2,4,0,0,0,2,0,2,0,0,0,0,0,0,923
"Wixom, Precinct 3",3403,719,267,986,183,189,372,3,4,7,6,2,8,3,4,7,3,2,5,0,1,1,1386
"Wixom, Precinct 4",2885,511,116,627,385,275,660,2,5,7,1,1,2,4,1,5,1,1,2,1,0,1,1304
Total:,1035172,193801,52887,246688,105299,92892,198191,936,1120,2056,216,204,420,416,639,1055,443,378,821,104,127,231,449462